Nombre,Categoría,Precio Venta,Stock
Vodka Smirnoff Edicion Especial Vol. 1,Vodka,165000.00,136
Johnnie Walker Edicion Especial Vol. 2,Wisky,295000.00,69
Ron Viejo de Caldas Edicion Especial Vol. 3,Ron,260000.00,75
Aguardiente Llanero Edicion Especial Vol. 4,Aguardiente,105000.00,72
Old Parr Edicion Especial Vol. 5,Wisky,150000.00,57
Vodka Grey Goose Edicion Especial Vol. 6,Vodka,295000.00,16
Ginebra Beefeater Edicion Especial Vol. 7,Ginebra,265000.00,79
Ginebra Bombay Edicion Especial Vol. 8,Ginebra,20000.00,81
Ron Medellín Edicion Especial Vol. 9,Ron,155000.00,22
Vodka Belvedere Edicion Especial Vol. 10,Vodka,205000.00,27
Ron Santa Fe Edicion Especial Vol. 11,Ron,90000.00,143
Tequila 1800 Edicion Especial Vol. 12,Tequila,245000.00,139
Buchanans Edicion Especial Vol. 13,Wisky,30000.00,77
Tequila Don Julio Edicion Especial Vol. 14,Tequila,250000.00,111
Tequila Herradura Edicion Especial Vol. 15,Tequila,70000.00,62
Ginebra Tanqueray Edicion Especial Vol. 16,Ginebra,185000.00,138
Ginebra Tanqueray Edicion Especial Vol. 17,Ginebra,160000.00,126
Vodka Belvedere Edicion Especial Vol. 18,Vodka,260000.00,19
Tequila Herradura Edicion Especial Vol. 19,Tequila,170000.00,27
Jack Daniels Edicion Especial Vol. 20,Wisky,185000.00,61
Ginebra Bombay Edicion Especial Vol. 21,Ginebra,220000.00,137
Vodka Absolut Edicion Especial Vol. 22,Vodka,265000.00,60
Jack Daniels Edicion Especial Vol. 23,Wisky,210000.00,117
Tequila Don Julio Edicion Especial Vol. 24,Tequila,30000.00,38
Tequila Don Julio Edicion Especial Vol. 25,Tequila,280000.00,138
Ginebra Tanqueray Edicion Especial Vol. 26,Ginebra,255000.00,129
Vodka Absolut Edicion Especial Vol. 27,Vodka,290000.00,78
Vodka Belvedere Edicion Especial Vol. 28,Vodka,170000.00,48
Ginebra Beefeater Edicion Especial Vol. 29,Ginebra,180000.00,92
Aguardiente Llanero Edicion Especial Vol. 30,Aguardiente,145000.00,63
Vodka Absolut Edicion Especial Vol. 31,Vodka,125000.00,64
Aguardiente Llanero Edicion Especial Vol. 32,Aguardiente,95000.00,55
Aguardiente Llanero Edicion Especial Vol. 33,Aguardiente,200000.00,76
Aguardiente Néctar Edicion Especial Vol. 34,Aguardiente,105000.00,127
Jack Daniels Edicion Especial Vol. 35,Wisky,210000.00,92
Tequila Jose Cuervo Edicion Especial Vol. 36,Tequila,125000.00,40
Ginebra Hendricks Edicion Especial Vol. 37,Ginebra,70000.00,19
Jack Daniels Edicion Especial Vol. 38,Wisky,50000.00,75
Johnnie Walker Edicion Especial Vol. 39,Wisky,160000.00,71
Vodka Grey Goose Edicion Especial Vol. 40,Vodka,280000.00,47
Old Parr Edicion Especial Vol. 41,Wisky,80000.00,83
Vodka Smirnoff Edicion Especial Vol. 42,Vodka,235000.00,6
Vodka Grey Goose Edicion Especial Vol. 43,Vodka,100000.00,125
Aguardiente Llanero Edicion Especial Vol. 44,Aguardiente,165000.00,37
Ginebra Hendricks Edicion Especial Vol. 45,Ginebra,100000.00,129
Tequila 1800 Edicion Especial Vol. 46,Tequila,290000.00,142
Tequila Patrón Edicion Especial Vol. 47,Tequila,180000.00,88
Aguardiente Antioqueño Edicion Especial Vol. 48,Aguardiente,50000.00,149
Aguardiente Blanco del Valle Edicion Especial Vol. 49,Aguardiente,150000.00,117
Ron Medellín Edicion Especial Vol. 50,Ron,210000.00,128
Tequila 1800 Edicion Especial Vol. 51,Tequila,130000.00,56
Ron Medellín Edicion Especial Vol. 52,Ron,95000.00,99
Tequila Patrón Edicion Especial Vol. 53,Tequila,175000.00,110
Aguardiente Antioqueño Edicion Especial Vol. 54,Aguardiente,95000.00,134
Ginebra Beefeater Edicion Especial Vol. 55,Ginebra,140000.00,99
Jack Daniels Edicion Especial Vol. 56,Wisky,105000.00,115
Vodka Grey Goose Edicion Especial Vol. 57,Vodka,25000.00,117
Vodka Belvedere Edicion Especial Vol. 58,Vodka,65000.00,98
Ginebra Beefeater Edicion Especial Vol. 59,Ginebra,160000.00,35
Aguardiente Antioqueño Edicion Especial Vol. 60,Aguardiente,255000.00,20
Vodka Smirnoff Edicion Especial Vol. 61,Vodka,35000.00,50
Ginebra Bombay Edicion Especial Vol. 62,Ginebra,265000.00,76
Buchanans Edicion Especial Vol. 63,Wisky,170000.00,22
Vodka Smirnoff Edicion Especial Vol. 64,Vodka,85000.00,35
Old Parr Edicion Especial Vol. 65,Wisky,170000.00,65
Aguardiente Néctar Edicion Especial Vol. 66,Aguardiente,25000.00,114
Ron Santa Fe Edicion Especial Vol. 67,Ron,80000.00,120
Ron Medellín Edicion Especial Vol. 68,Ron,85000.00,96
Aguardiente Néctar Edicion Especial Vol. 69,Aguardiente,255000.00,30
Ron Viejo de Caldas Edicion Especial Vol. 70,Ron,230000.00,97
Vodka Absolut Edicion Especial Vol. 71,Vodka,45000.00,47
Vodka Grey Goose Edicion Especial Vol. 72,Vodka,110000.00,37
Chivas Regal Edicion Especial Vol. 73,Wisky,60000.00,13
Aguardiente Néctar Edicion Especial Vol. 74,Aguardiente,105000.00,31
Ron Santa Fe Edicion Especial Vol. 75,Ron,70000.00,129
Tequila Herradura Edicion Especial Vol. 76,Tequila,135000.00,70
Johnnie Walker Edicion Especial Vol. 77,Wisky,35000.00,90
Vodka Smirnoff Edicion Especial Vol. 78,Vodka,245000.00,123
Jack Daniels Edicion Especial Vol. 79,Wisky,235000.00,20
Chivas Regal Edicion Especial Vol. 80,Wisky,135000.00,95
Aguardiente Llanero Edicion Especial Vol. 81,Aguardiente,30000.00,13
Ron Havana Club Edicion Especial Vol. 82,Ron,160000.00,149
Vodka Absolut Edicion Especial Vol. 83,Vodka,50000.00,127
Ron Santa Fe Edicion Especial Vol. 84,Ron,215000.00,67
Vodka Absolut Edicion Especial Vol. 85,Vodka,45000.00,75
Aguardiente Néctar Edicion Especial Vol. 86,Aguardiente,170000.00,80
Jack Daniels Edicion Especial Vol. 87,Wisky,205000.00,120
Vodka Belvedere Edicion Especial Vol. 88,Vodka,255000.00,37
Vodka Belvedere Edicion Especial Vol. 89,Vodka,240000.00,121
Chivas Regal Edicion Especial Vol. 90,Wisky,195000.00,11
Chivas Regal Edicion Especial Vol. 91,Wisky,200000.00,22
Vodka Absolut Edicion Especial Vol. 92,Vodka,40000.00,51
Aguardiente Néctar Edicion Especial Vol. 93,Aguardiente,95000.00,18
Tequila Patrón Edicion Especial Vol. 94,Tequila,205000.00,91
Vodka Absolut Edicion Especial Vol. 95,Vodka,95000.00,28
Aguardiente Llanero Edicion Especial Vol. 96,Aguardiente,205000.00,80
Tequila Don Julio Edicion Especial Vol. 97,Tequila,140000.00,64
Ginebra Hendricks Edicion Especial Vol. 98,Ginebra,225000.00,145
Vodka Grey Goose Edicion Especial Vol. 99,Vodka,155000.00,139
Buchanans Edicion Especial Vol. 100,Wisky,210000.00,121
Tequila 1800 Edicion Especial Vol. 101,Tequila,245000.00,42
Tequila Herradura Edicion Especial Vol. 102,Tequila,140000.00,107
Johnnie Walker Edicion Especial Vol. 103,Wisky,270000.00,112
Vodka Smirnoff Edicion Especial Vol. 104,Vodka,30000.00,45
Aguardiente Llanero Edicion Especial Vol. 105,Aguardiente,85000.00,44
Vodka Belvedere Edicion Especial Vol. 106,Vodka,185000.00,121
Ron Zacapa Edicion Especial Vol. 107,Ron,290000.00,31
Tequila Herradura Edicion Especial Vol. 108,Tequila,85000.00,91
Aguardiente Antioqueño Edicion Especial Vol. 109,Aguardiente,285000.00,34
Tequila Herradura Edicion Especial Vol. 110,Tequila,85000.00,143
Chivas Regal Edicion Especial Vol. 111,Wisky,195000.00,56
Tequila Don Julio Edicion Especial Vol. 112,Tequila,70000.00,111
Vodka Smirnoff Edicion Especial Vol. 113,Vodka,80000.00,126
Aguardiente Néctar Edicion Especial Vol. 114,Aguardiente,100000.00,10
Vodka Absolut Edicion Especial Vol. 115,Vodka,190000.00,98
Vodka Absolut Edicion Especial Vol. 116,Vodka,275000.00,51
Tequila Jose Cuervo Edicion Especial Vol. 117,Tequila,95000.00,99
Tequila Patrón Edicion Especial Vol. 118,Tequila,280000.00,79
Ginebra Tanqueray Edicion Especial Vol. 119,Ginebra,205000.00,39
Chivas Regal Edicion Especial Vol. 120,Wisky,25000.00,110
Vodka Smirnoff Edicion Especial Vol. 121,Vodka,30000.00,134
Ron Zacapa Edicion Especial Vol. 122,Ron,135000.00,20
Ginebra Tanqueray Edicion Especial Vol. 123,Ginebra,90000.00,74
Aguardiente Llanero Edicion Especial Vol. 124,Aguardiente,100000.00,84
Tequila Patrón Edicion Especial Vol. 125,Tequila,205000.00,115
Chivas Regal Edicion Especial Vol. 126,Wisky,265000.00,20
Ron Havana Club Edicion Especial Vol. 127,Ron,185000.00,38
Vodka Belvedere Edicion Especial Vol. 128,Vodka,65000.00,99
Ron Santa Fe Edicion Especial Vol. 129,Ron,45000.00,55
Chivas Regal Edicion Especial Vol. 130,Wisky,200000.00,39
Vodka Belvedere Edicion Especial Vol. 131,Vodka,220000.00,49
Vodka Grey Goose Edicion Especial Vol. 132,Vodka,135000.00,120
Ginebra Hendricks Edicion Especial Vol. 133,Ginebra,240000.00,93
Aguardiente Néctar Edicion Especial Vol. 134,Aguardiente,65000.00,50
Chivas Regal Edicion Especial Vol. 135,Wisky,100000.00,62
Ron Zacapa Edicion Especial Vol. 136,Ron,60000.00,137
Buchanans Edicion Especial Vol. 137,Wisky,185000.00,103
Ginebra Hendricks Edicion Especial Vol. 138,Ginebra,135000.00,100
Aguardiente Néctar Edicion Especial Vol. 139,Aguardiente,25000.00,97
Tequila 1800 Edicion Especial Vol. 140,Tequila,125000.00,76
Ginebra Tanqueray Edicion Especial Vol. 141,Ginebra,195000.00,52
Tequila Herradura Edicion Especial Vol. 142,Tequila,145000.00,15
Buchanans Edicion Especial Vol. 143,Wisky,200000.00,96
Ron Viejo de Caldas Edicion Especial Vol. 144,Ron,295000.00,14
Ron Havana Club Edicion Especial Vol. 145,Ron,55000.00,74
Aguardiente Blanco del Valle Edicion Especial Vol. 146,Aguardiente,235000.00,145
Old Parr Edicion Especial Vol. 147,Wisky,240000.00,113
Johnnie Walker Edicion Especial Vol. 148,Wisky,255000.00,33
Vodka Grey Goose Edicion Especial Vol. 149,Vodka,80000.00,108
Ginebra Tanqueray Edicion Especial Vol. 150,Ginebra,115000.00,135
Ginebra Beefeater Edicion Especial Vol. 151,Ginebra,295000.00,33
Ron Medellín Edicion Especial Vol. 152,Ron,270000.00,88
Tequila Patrón Edicion Especial Vol. 153,Tequila,240000.00,132
Old Parr Edicion Especial Vol. 154,Wisky,115000.00,18
Aguardiente Antioqueño Edicion Especial Vol. 155,Aguardiente,205000.00,64
Buchanans Edicion Especial Vol. 156,Wisky,255000.00,118
Aguardiente Néctar Edicion Especial Vol. 157,Aguardiente,150000.00,84
Ron Zacapa Edicion Especial Vol. 158,Ron,150000.00,97
Tequila Patrón Edicion Especial Vol. 159,Tequila,35000.00,126
Ron Medellín Edicion Especial Vol. 160,Ron,110000.00,108
Ginebra Hendricks Edicion Especial Vol. 161,Ginebra,45000.00,46
Aguardiente Blanco del Valle Edicion Especial Vol. 162,Aguardiente,35000.00,141
Ginebra Beefeater Edicion Especial Vol. 163,Ginebra,45000.00,26
Vodka Absolut Edicion Especial Vol. 164,Vodka,135000.00,43
Ron Zacapa Edicion Especial Vol. 165,Ron,215000.00,56
Ginebra Hendricks Edicion Especial Vol. 166,Ginebra,285000.00,35
Old Parr Edicion Especial Vol. 167,Wisky,120000.00,13
Ron Havana Club Edicion Especial Vol. 168,Ron,85000.00,48
Buchanans Edicion Especial Vol. 169,Wisky,105000.00,63
Vodka Absolut Edicion Especial Vol. 170,Vodka,260000.00,73
Aguardiente Llanero Edicion Especial Vol. 171,Aguardiente,90000.00,85
Aguardiente Blanco del Valle Edicion Especial Vol. 172,Aguardiente,275000.00,39
Aguardiente Llanero Edicion Especial Vol. 173,Aguardiente,175000.00,117
Vodka Grey Goose Edicion Especial Vol. 174,Vodka,45000.00,26
Ron Santa Fe Edicion Especial Vol. 175,Ron,195000.00,90
Buchanans Edicion Especial Vol. 176,Wisky,220000.00,113
Aguardiente Llanero Edicion Especial Vol. 177,Aguardiente,230000.00,110
Ron Medellín Edicion Especial Vol. 178,Ron,285000.00,67
Tequila Don Julio Edicion Especial Vol. 179,Tequila,255000.00,87
Aguardiente Blanco del Valle Edicion Especial Vol. 180,Aguardiente,205000.00,13
Ginebra Beefeater Edicion Especial Vol. 181,Ginebra,270000.00,70
Vodka Belvedere Edicion Especial Vol. 182,Vodka,275000.00,62
Tequila Jose Cuervo Edicion Especial Vol. 183,Tequila,170000.00,44
Ron Viejo de Caldas Edicion Especial Vol. 184,Ron,180000.00,80
Ginebra Bombay Edicion Especial Vol. 185,Ginebra,135000.00,9
Chivas Regal Edicion Especial Vol. 186,Wisky,85000.00,27
Chivas Regal Edicion Especial Vol. 187,Wisky,90000.00,121
Aguardiente Blanco del Valle Edicion Especial Vol. 188,Aguardiente,105000.00,92
Ron Santa Fe Edicion Especial Vol. 189,Ron,235000.00,74
Aguardiente Néctar Edicion Especial Vol. 190,Aguardiente,125000.00,66
Tequila Jose Cuervo Edicion Especial Vol. 191,Tequila,275000.00,105
Vodka Smirnoff Edicion Especial Vol. 192,Vodka,125000.00,139
Aguardiente Antioqueño Edicion Especial Vol. 193,Aguardiente,65000.00,89
Tequila Herradura Edicion Especial Vol. 194,Tequila,190000.00,83
Vodka Grey Goose Edicion Especial Vol. 195,Vodka,150000.00,89
Ron Santa Fe Edicion Especial Vol. 196,Ron,185000.00,115
Chivas Regal Edicion Especial Vol. 197,Wisky,45000.00,115
Ginebra Beefeater Edicion Especial Vol. 198,Ginebra,250000.00,67
Ginebra Hendricks Edicion Especial Vol. 199,Ginebra,290000.00,63
Vodka Smirnoff Edicion Especial Vol. 200,Vodka,265000.00,78
Tequila Jose Cuervo Edicion Especial Vol. 201,Tequila,275000.00,84
Tequila 1800 Edicion Especial Vol. 202,Tequila,290000.00,93
Buchanans Edicion Especial Vol. 203,Wisky,240000.00,80
Jack Daniels Edicion Especial Vol. 204,Wisky,100000.00,46
Ginebra Hendricks Edicion Especial Vol. 205,Ginebra,30000.00,92
Tequila 1800 Edicion Especial Vol. 206,Tequila,215000.00,34
Tequila Herradura Edicion Especial Vol. 207,Tequila,45000.00,80
Ron Santa Fe Edicion Especial Vol. 208,Ron,125000.00,113
Ginebra Bombay Edicion Especial Vol. 209,Ginebra,185000.00,10
Aguardiente Néctar Edicion Especial Vol. 210,Aguardiente,230000.00,79
Ron Zacapa Edicion Especial Vol. 211,Ron,105000.00,111
Tequila Don Julio Edicion Especial Vol. 212,Tequila,65000.00,119
Old Parr Edicion Especial Vol. 213,Wisky,110000.00,120
Ginebra Bombay Edicion Especial Vol. 214,Ginebra,125000.00,119
Tequila Jose Cuervo Edicion Especial Vol. 215,Tequila,115000.00,124
Vodka Grey Goose Edicion Especial Vol. 216,Vodka,275000.00,95
Jack Daniels Edicion Especial Vol. 217,Wisky,70000.00,74
Tequila Patrón Edicion Especial Vol. 218,Tequila,85000.00,8
Ron Medellín Edicion Especial Vol. 219,Ron,65000.00,98
Vodka Absolut Edicion Especial Vol. 220,Vodka,60000.00,85
Aguardiente Llanero Edicion Especial Vol. 221,Aguardiente,110000.00,130
Ron Santa Fe Edicion Especial Vol. 222,Ron,130000.00,90
Johnnie Walker Edicion Especial Vol. 223,Wisky,165000.00,18
Vodka Smirnoff Edicion Especial Vol. 224,Vodka,80000.00,15
Aguardiente Blanco del Valle Edicion Especial Vol. 225,Aguardiente,245000.00,110
Ginebra Hendricks Edicion Especial Vol. 226,Ginebra,90000.00,99
Vodka Grey Goose Edicion Especial Vol. 227,Vodka,125000.00,47
Ron Medellín Edicion Especial Vol. 228,Ron,55000.00,77
Old Parr Edicion Especial Vol. 229,Wisky,140000.00,26
Aguardiente Néctar Edicion Especial Vol. 230,Aguardiente,125000.00,93
Buchanans Edicion Especial Vol. 231,Wisky,95000.00,110
Vodka Smirnoff Edicion Especial Vol. 232,Vodka,160000.00,73
Ron Havana Club Edicion Especial Vol. 233,Ron,190000.00,49
Ginebra Bombay Edicion Especial Vol. 234,Ginebra,70000.00,61
Ginebra Bombay Edicion Especial Vol. 235,Ginebra,250000.00,98
Aguardiente Blanco del Valle Edicion Especial Vol. 236,Aguardiente,20000.00,60
Ginebra Beefeater Edicion Especial Vol. 237,Ginebra,50000.00,140
Ron Medellín Edicion Especial Vol. 238,Ron,120000.00,62
Ron Havana Club Edicion Especial Vol. 239,Ron,220000.00,101
Tequila Don Julio Edicion Especial Vol. 240,Tequila,30000.00,79
Ginebra Beefeater Edicion Especial Vol. 241,Ginebra,115000.00,34
Tequila Jose Cuervo Edicion Especial Vol. 242,Tequila,235000.00,133
Ron Santa Fe Edicion Especial Vol. 243,Ron,45000.00,101
Tequila Don Julio Edicion Especial Vol. 244,Tequila,55000.00,55
Tequila Patrón Edicion Especial Vol. 245,Tequila,290000.00,47
Tequila Jose Cuervo Edicion Especial Vol. 246,Tequila,190000.00,68
Vodka Absolut Edicion Especial Vol. 247,Vodka,55000.00,12
Ron Santa Fe Edicion Especial Vol. 248,Ron,235000.00,97
Ron Havana Club Edicion Especial Vol. 249,Ron,200000.00,65
Jack Daniels Edicion Especial Vol. 250,Wisky,40000.00,65
Vodka Smirnoff Edicion Especial Vol. 251,Vodka,255000.00,15
Tequila 1800 Edicion Especial Vol. 252,Tequila,245000.00,37
Aguardiente Néctar Edicion Especial Vol. 253,Aguardiente,115000.00,99
Buchanans Edicion Especial Vol. 254,Wisky,150000.00,55
Tequila Don Julio Edicion Especial Vol. 255,Tequila,105000.00,21
Ron Zacapa Edicion Especial Vol. 256,Ron,140000.00,86
Vodka Belvedere Edicion Especial Vol. 257,Vodka,145000.00,31
Ginebra Beefeater Edicion Especial Vol. 258,Ginebra,100000.00,147
Aguardiente Blanco del Valle Edicion Especial Vol. 259,Aguardiente,55000.00,15
Ginebra Bombay Edicion Especial Vol. 260,Ginebra,20000.00,122
Aguardiente Llanero Edicion Especial Vol. 261,Aguardiente,100000.00,36
Vodka Grey Goose Edicion Especial Vol. 262,Vodka,65000.00,45
Tequila Patrón Edicion Especial Vol. 263,Tequila,250000.00,59
Jack Daniels Edicion Especial Vol. 264,Wisky,35000.00,89
Johnnie Walker Edicion Especial Vol. 265,Wisky,255000.00,30
Vodka Smirnoff Edicion Especial Vol. 266,Vodka,150000.00,97
Old Parr Edicion Especial Vol. 267,Wisky,30000.00,77
Vodka Belvedere Edicion Especial Vol. 268,Vodka,275000.00,19
Chivas Regal Edicion Especial Vol. 269,Wisky,70000.00,135
Aguardiente Blanco del Valle Edicion Especial Vol. 270,Aguardiente,95000.00,121
Ron Santa Fe Edicion Especial Vol. 271,Ron,95000.00,79
Vodka Belvedere Edicion Especial Vol. 272,Vodka,280000.00,44
Vodka Grey Goose Edicion Especial Vol. 273,Vodka,40000.00,104
Old Parr Edicion Especial Vol. 274,Wisky,220000.00,128
Aguardiente Néctar Edicion Especial Vol. 275,Aguardiente,90000.00,15
Vodka Absolut Edicion Especial Vol. 276,Vodka,220000.00,132
Buchanans Edicion Especial Vol. 277,Wisky,65000.00,96
Vodka Smirnoff Edicion Especial Vol. 278,Vodka,35000.00,55
Vodka Absolut Edicion Especial Vol. 279,Vodka,225000.00,128
Vodka Grey Goose Edicion Especial Vol. 280,Vodka,30000.00,41
Old Parr Edicion Especial Vol. 281,Wisky,65000.00,54
Chivas Regal Edicion Especial Vol. 282,Wisky,105000.00,146
Tequila Patrón Edicion Especial Vol. 283,Tequila,50000.00,52
Ron Viejo de Caldas Edicion Especial Vol. 284,Ron,245000.00,107
Aguardiente Antioqueño Edicion Especial Vol. 285,Aguardiente,160000.00,26
Tequila Herradura Edicion Especial Vol. 286,Tequila,60000.00,111
Old Parr Edicion Especial Vol. 287,Wisky,60000.00,83
Ginebra Bombay Edicion Especial Vol. 288,Ginebra,280000.00,28
Old Parr Edicion Especial Vol. 289,Wisky,110000.00,114
Aguardiente Néctar Edicion Especial Vol. 290,Aguardiente,25000.00,41
Ginebra Beefeater Edicion Especial Vol. 291,Ginebra,40000.00,41
Aguardiente Llanero Edicion Especial Vol. 292,Aguardiente,95000.00,32
Tequila Herradura Edicion Especial Vol. 293,Tequila,65000.00,29
Vodka Absolut Edicion Especial Vol. 294,Vodka,150000.00,73
Aguardiente Llanero Edicion Especial Vol. 295,Aguardiente,285000.00,146
Ron Havana Club Edicion Especial Vol. 296,Ron,170000.00,44
Vodka Absolut Edicion Especial Vol. 297,Vodka,120000.00,28
Tequila Jose Cuervo Edicion Especial Vol. 298,Tequila,260000.00,90
Chivas Regal Edicion Especial Vol. 299,Wisky,175000.00,148
Vodka Smirnoff Edicion Especial Vol. 300,Vodka,155000.00,137
Tequila 1800 Edicion Especial Vol. 301,Tequila,195000.00,60
Ginebra Bombay Edicion Especial Vol. 302,Ginebra,265000.00,98
Vodka Smirnoff Edicion Especial Vol. 303,Vodka,30000.00,77
Ron Viejo de Caldas Edicion Especial Vol. 304,Ron,55000.00,131
Ginebra Tanqueray Edicion Especial Vol. 305,Ginebra,130000.00,121
Aguardiente Antioqueño Edicion Especial Vol. 306,Aguardiente,240000.00,8
Tequila 1800 Edicion Especial Vol. 307,Tequila,170000.00,9
Buchanans Edicion Especial Vol. 308,Wisky,105000.00,106
Ron Medellín Edicion Especial Vol. 309,Ron,220000.00,73
Aguardiente Blanco del Valle Edicion Especial Vol. 310,Aguardiente,255000.00,32
Aguardiente Blanco del Valle Edicion Especial Vol. 311,Aguardiente,155000.00,144
Ginebra Beefeater Edicion Especial Vol. 312,Ginebra,225000.00,95
Tequila 1800 Edicion Especial Vol. 313,Tequila,70000.00,128
Buchanans Edicion Especial Vol. 314,Wisky,250000.00,6
Vodka Smirnoff Edicion Especial Vol. 315,Vodka,45000.00,55
Ginebra Hendricks Edicion Especial Vol. 316,Ginebra,145000.00,137
Vodka Smirnoff Edicion Especial Vol. 317,Vodka,140000.00,136
Aguardiente Llanero Edicion Especial Vol. 318,Aguardiente,290000.00,73
Ginebra Tanqueray Edicion Especial Vol. 319,Ginebra,110000.00,25
Jack Daniels Edicion Especial Vol. 320,Wisky,235000.00,79
Ginebra Bombay Edicion Especial Vol. 321,Ginebra,185000.00,49
Vodka Grey Goose Edicion Especial Vol. 322,Vodka,210000.00,149
Tequila Jose Cuervo Edicion Especial Vol. 323,Tequila,140000.00,77
Ginebra Hendricks Edicion Especial Vol. 324,Ginebra,230000.00,93
Ginebra Bombay Edicion Especial Vol. 325,Ginebra,200000.00,63
Ron Zacapa Edicion Especial Vol. 326,Ron,45000.00,111
Johnnie Walker Edicion Especial Vol. 327,Wisky,110000.00,40
Ron Viejo de Caldas Edicion Especial Vol. 328,Ron,200000.00,63
Vodka Belvedere Edicion Especial Vol. 329,Vodka,45000.00,60
Tequila Herradura Edicion Especial Vol. 330,Tequila,110000.00,93
Ron Viejo de Caldas Edicion Especial Vol. 331,Ron,275000.00,81
Vodka Belvedere Edicion Especial Vol. 332,Vodka,185000.00,36
Aguardiente Llanero Edicion Especial Vol. 333,Aguardiente,20000.00,84
Vodka Grey Goose Edicion Especial Vol. 334,Vodka,150000.00,91
Buchanans Edicion Especial Vol. 335,Wisky,265000.00,90
Ginebra Hendricks Edicion Especial Vol. 336,Ginebra,85000.00,137
Aguardiente Antioqueño Edicion Especial Vol. 337,Aguardiente,265000.00,103
Vodka Absolut Edicion Especial Vol. 338,Vodka,105000.00,95
Old Parr Edicion Especial Vol. 339,Wisky,50000.00,23
Ginebra Hendricks Edicion Especial Vol. 340,Ginebra,100000.00,148
Ron Medellín Edicion Especial Vol. 341,Ron,280000.00,76
Ron Santa Fe Edicion Especial Vol. 342,Ron,40000.00,100
Aguardiente Blanco del Valle Edicion Especial Vol. 343,Aguardiente,220000.00,145
Aguardiente Antioqueño Edicion Especial Vol. 344,Aguardiente,80000.00,74
Aguardiente Antioqueño Edicion Especial Vol. 345,Aguardiente,135000.00,22
Vodka Smirnoff Edicion Especial Vol. 346,Vodka,245000.00,26
Aguardiente Llanero Edicion Especial Vol. 347,Aguardiente,95000.00,35
Tequila Patrón Edicion Especial Vol. 348,Tequila,180000.00,92
Ginebra Hendricks Edicion Especial Vol. 349,Ginebra,75000.00,9
Tequila Don Julio Edicion Especial Vol. 350,Tequila,45000.00,65
Vodka Absolut Edicion Especial Vol. 351,Vodka,70000.00,38
Ron Viejo de Caldas Edicion Especial Vol. 352,Ron,290000.00,43
Ron Santa Fe Edicion Especial Vol. 353,Ron,35000.00,101
Johnnie Walker Edicion Especial Vol. 354,Wisky,130000.00,84
Ginebra Bombay Edicion Especial Vol. 355,Ginebra,25000.00,100
Aguardiente Blanco del Valle Edicion Especial Vol. 356,Aguardiente,125000.00,72
Vodka Belvedere Edicion Especial Vol. 357,Vodka,280000.00,57
Aguardiente Llanero Edicion Especial Vol. 358,Aguardiente,90000.00,125
Tequila Patrón Edicion Especial Vol. 359,Tequila,255000.00,107
Chivas Regal Edicion Especial Vol. 360,Wisky,25000.00,73
Ginebra Beefeater Edicion Especial Vol. 361,Ginebra,285000.00,99
Old Parr Edicion Especial Vol. 362,Wisky,170000.00,78
Aguardiente Llanero Edicion Especial Vol. 363,Aguardiente,235000.00,105
Ginebra Hendricks Edicion Especial Vol. 364,Ginebra,100000.00,128
Johnnie Walker Edicion Especial Vol. 365,Wisky,130000.00,89
Aguardiente Blanco del Valle Edicion Especial Vol. 366,Aguardiente,290000.00,111
Buchanans Edicion Especial Vol. 367,Wisky,180000.00,94
Ginebra Bombay Edicion Especial Vol. 368,Ginebra,265000.00,114
Johnnie Walker Edicion Especial Vol. 369,Wisky,170000.00,43
Tequila Don Julio Edicion Especial Vol. 370,Tequila,125000.00,99
Vodka Smirnoff Edicion Especial Vol. 371,Vodka,240000.00,13
Ginebra Beefeater Edicion Especial Vol. 372,Ginebra,200000.00,59
Vodka Belvedere Edicion Especial Vol. 373,Vodka,285000.00,32
Vodka Belvedere Edicion Especial Vol. 374,Vodka,95000.00,110
Old Parr Edicion Especial Vol. 375,Wisky,280000.00,12
Ginebra Beefeater Edicion Especial Vol. 376,Ginebra,285000.00,72
Aguardiente Néctar Edicion Especial Vol. 377,Aguardiente,195000.00,58
Aguardiente Llanero Edicion Especial Vol. 378,Aguardiente,215000.00,91
Ron Medellín Edicion Especial Vol. 379,Ron,225000.00,10
Buchanans Edicion Especial Vol. 380,Wisky,255000.00,130
Aguardiente Blanco del Valle Edicion Especial Vol. 381,Aguardiente,245000.00,125
Chivas Regal Edicion Especial Vol. 382,Wisky,200000.00,129
Johnnie Walker Edicion Especial Vol. 383,Wisky,245000.00,38
Vodka Belvedere Edicion Especial Vol. 384,Vodka,40000.00,20
Jack Daniels Edicion Especial Vol. 385,Wisky,270000.00,129
Vodka Grey Goose Edicion Especial Vol. 386,Vodka,140000.00,29
Ginebra Hendricks Edicion Especial Vol. 387,Ginebra,65000.00,125
Ginebra Hendricks Edicion Especial Vol. 388,Ginebra,270000.00,67
Ron Medellín Edicion Especial Vol. 389,Ron,100000.00,87
Ron Medellín Edicion Especial Vol. 390,Ron,115000.00,106
Vodka Smirnoff Edicion Especial Vol. 391,Vodka,200000.00,13
Vodka Absolut Edicion Especial Vol. 392,Vodka,105000.00,62
Tequila Patrón Edicion Especial Vol. 393,Tequila,175000.00,39
Ginebra Beefeater Edicion Especial Vol. 394,Ginebra,20000.00,82
Ron Havana Club Edicion Especial Vol. 395,Ron,20000.00,101
Aguardiente Llanero Edicion Especial Vol. 396,Aguardiente,35000.00,9
Ron Viejo de Caldas Edicion Especial Vol. 397,Ron,265000.00,66
Aguardiente Néctar Edicion Especial Vol. 398,Aguardiente,100000.00,41
Vodka Absolut Edicion Especial Vol. 399,Vodka,180000.00,132
Tequila Patrón Edicion Especial Vol. 400,Tequila,100000.00,146
Chivas Regal Edicion Especial Vol. 401,Wisky,225000.00,43
Ron Medellín Edicion Especial Vol. 402,Ron,225000.00,114
Jack Daniels Edicion Especial Vol. 403,Wisky,140000.00,109
Tequila Jose Cuervo Edicion Especial Vol. 404,Tequila,175000.00,37
Ginebra Tanqueray Edicion Especial Vol. 405,Ginebra,190000.00,96
Tequila Herradura Edicion Especial Vol. 406,Tequila,125000.00,140
Tequila Patrón Edicion Especial Vol. 407,Tequila,270000.00,43
Vodka Belvedere Edicion Especial Vol. 408,Vodka,195000.00,12
Aguardiente Antioqueño Edicion Especial Vol. 409,Aguardiente,185000.00,65
Tequila Herradura Edicion Especial Vol. 410,Tequila,180000.00,99
Tequila 1800 Edicion Especial Vol. 411,Tequila,175000.00,17
Ginebra Hendricks Edicion Especial Vol. 412,Ginebra,140000.00,49
Jack Daniels Edicion Especial Vol. 413,Wisky,20000.00,64
Vodka Belvedere Edicion Especial Vol. 414,Vodka,205000.00,72
Tequila Jose Cuervo Edicion Especial Vol. 415,Tequila,170000.00,62
Buchanans Edicion Especial Vol. 416,Wisky,200000.00,46
Aguardiente Blanco del Valle Edicion Especial Vol. 417,Aguardiente,120000.00,57
Ginebra Tanqueray Edicion Especial Vol. 418,Ginebra,145000.00,69
Buchanans Edicion Especial Vol. 419,Wisky,195000.00,8
Ginebra Beefeater Edicion Especial Vol. 420,Ginebra,190000.00,55
Vodka Grey Goose Edicion Especial Vol. 421,Vodka,155000.00,140
Ginebra Beefeater Edicion Especial Vol. 422,Ginebra,280000.00,142
Johnnie Walker Edicion Especial Vol. 423,Wisky,135000.00,68
Tequila Don Julio Edicion Especial Vol. 424,Tequila,60000.00,49
Chivas Regal Edicion Especial Vol. 425,Wisky,115000.00,127
Old Parr Edicion Especial Vol. 426,Wisky,185000.00,146
Tequila Herradura Edicion Especial Vol. 427,Tequila,280000.00,72
Ron Havana Club Edicion Especial Vol. 428,Ron,110000.00,135
Ron Havana Club Edicion Especial Vol. 429,Ron,210000.00,55
Tequila Patrón Edicion Especial Vol. 430,Tequila,195000.00,138
Ginebra Hendricks Edicion Especial Vol. 431,Ginebra,65000.00,43
Aguardiente Blanco del Valle Edicion Especial Vol. 432,Aguardiente,65000.00,127
Aguardiente Néctar Edicion Especial Vol. 433,Aguardiente,250000.00,102
Aguardiente Llanero Edicion Especial Vol. 434,Aguardiente,180000.00,130
Aguardiente Llanero Edicion Especial Vol. 435,Aguardiente,225000.00,77
Old Parr Edicion Especial Vol. 436,Wisky,225000.00,95
Ron Zacapa Edicion Especial Vol. 437,Ron,145000.00,144
Ginebra Bombay Edicion Especial Vol. 438,Ginebra,205000.00,31
Tequila Patrón Edicion Especial Vol. 439,Tequila,235000.00,44
Old Parr Edicion Especial Vol. 440,Wisky,275000.00,33
Ron Havana Club Edicion Especial Vol. 441,Ron,220000.00,109
Tequila Herradura Edicion Especial Vol. 442,Tequila,270000.00,28
Tequila Don Julio Edicion Especial Vol. 443,Tequila,270000.00,48
Aguardiente Néctar Edicion Especial Vol. 444,Aguardiente,40000.00,68
Vodka Smirnoff Edicion Especial Vol. 445,Vodka,25000.00,43
Vodka Absolut Edicion Especial Vol. 446,Vodka,80000.00,111
Chivas Regal Edicion Especial Vol. 447,Wisky,45000.00,83
Tequila Herradura Edicion Especial Vol. 448,Tequila,220000.00,76
Tequila 1800 Edicion Especial Vol. 449,Tequila,200000.00,43
Aguardiente Llanero Edicion Especial Vol. 450,Aguardiente,140000.00,129
Vodka Belvedere Edicion Especial Vol. 451,Vodka,215000.00,40
Aguardiente Blanco del Valle Edicion Especial Vol. 452,Aguardiente,200000.00,87
Ginebra Hendricks Edicion Especial Vol. 453,Ginebra,30000.00,93
Vodka Belvedere Edicion Especial Vol. 454,Vodka,220000.00,44
Tequila Herradura Edicion Especial Vol. 455,Tequila,285000.00,62
Aguardiente Blanco del Valle Edicion Especial Vol. 456,Aguardiente,275000.00,146
Johnnie Walker Edicion Especial Vol. 457,Wisky,65000.00,115
Ron Havana Club Edicion Especial Vol. 458,Ron,265000.00,56
Tequila Don Julio Edicion Especial Vol. 459,Tequila,225000.00,107
Tequila Patrón Edicion Especial Vol. 460,Tequila,20000.00,121
Chivas Regal Edicion Especial Vol. 461,Wisky,165000.00,108
Aguardiente Néctar Edicion Especial Vol. 462,Aguardiente,55000.00,52
Aguardiente Néctar Edicion Especial Vol. 463,Aguardiente,100000.00,100
Vodka Absolut Edicion Especial Vol. 464,Vodka,280000.00,57
Ron Santa Fe Edicion Especial Vol. 465,Ron,195000.00,49
Ron Havana Club Edicion Especial Vol. 466,Ron,255000.00,136
Ginebra Hendricks Edicion Especial Vol. 467,Ginebra,115000.00,41
Buchanans Edicion Especial Vol. 468,Wisky,130000.00,57
Ron Medellín Edicion Especial Vol. 469,Ron,235000.00,28
Ron Medellín Edicion Especial Vol. 470,Ron,70000.00,142
Ron Havana Club Edicion Especial Vol. 471,Ron,85000.00,119
Chivas Regal Edicion Especial Vol. 472,Wisky,125000.00,76
Tequila 1800 Edicion Especial Vol. 473,Tequila,235000.00,148
Ron Medellín Edicion Especial Vol. 474,Ron,125000.00,38
Ron Santa Fe Edicion Especial Vol. 475,Ron,45000.00,112
Buchanans Edicion Especial Vol. 476,Wisky,150000.00,85
Johnnie Walker Edicion Especial Vol. 477,Wisky,265000.00,31
Ginebra Beefeater Edicion Especial Vol. 478,Ginebra,285000.00,72
Tequila Herradura Edicion Especial Vol. 479,Tequila,205000.00,108
Ginebra Tanqueray Edicion Especial Vol. 480,Ginebra,20000.00,122
Tequila Don Julio Edicion Especial Vol. 481,Tequila,35000.00,118
Tequila 1800 Edicion Especial Vol. 482,Tequila,190000.00,113
Ron Zacapa Edicion Especial Vol. 483,Ron,295000.00,31
Aguardiente Blanco del Valle Edicion Especial Vol. 484,Aguardiente,200000.00,89
Ginebra Tanqueray Edicion Especial Vol. 485,Ginebra,50000.00,38
Ron Viejo de Caldas Edicion Especial Vol. 486,Ron,230000.00,134
Tequila Patrón Edicion Especial Vol. 487,Tequila,55000.00,50
Tequila Don Julio Edicion Especial Vol. 488,Tequila,105000.00,7
Ginebra Hendricks Edicion Especial Vol. 489,Ginebra,65000.00,48
Vodka Belvedere Edicion Especial Vol. 490,Vodka,190000.00,149
Ginebra Tanqueray Edicion Especial Vol. 491,Ginebra,180000.00,10
Aguardiente Llanero Edicion Especial Vol. 492,Aguardiente,130000.00,107
Aguardiente Néctar Edicion Especial Vol. 493,Aguardiente,20000.00,58
Ron Viejo de Caldas Edicion Especial Vol. 494,Ron,245000.00,55
Vodka Absolut Edicion Especial Vol. 495,Vodka,185000.00,45
Ron Medellín Edicion Especial Vol. 496,Ron,100000.00,115
Tequila Don Julio Edicion Especial Vol. 497,Tequila,140000.00,117
Buchanans Edicion Especial Vol. 498,Wisky,175000.00,35
Buchanans Edicion Especial Vol. 499,Wisky,260000.00,106
Tequila Jose Cuervo Edicion Especial Vol. 500,Tequila,225000.00,50
Chivas Regal Edicion Especial Vol. 501,Wisky,185000.00,66
Tequila 1800 Edicion Especial Vol. 502,Tequila,285000.00,6
Tequila Don Julio Edicion Especial Vol. 503,Tequila,185000.00,69
Ron Havana Club Edicion Especial Vol. 504,Ron,95000.00,149
Vodka Smirnoff Edicion Especial Vol. 505,Vodka,295000.00,115
Aguardiente Antioqueño Edicion Especial Vol. 506,Aguardiente,35000.00,101
Vodka Belvedere Edicion Especial Vol. 507,Vodka,275000.00,40
Ginebra Bombay Edicion Especial Vol. 508,Ginebra,210000.00,77
Ginebra Hendricks Edicion Especial Vol. 509,Ginebra,20000.00,54
Aguardiente Antioqueño Edicion Especial Vol. 510,Aguardiente,185000.00,33
Ginebra Hendricks Edicion Especial Vol. 511,Ginebra,75000.00,70
Ron Viejo de Caldas Edicion Especial Vol. 512,Ron,215000.00,149
Tequila Don Julio Edicion Especial Vol. 513,Tequila,115000.00,120
Tequila 1800 Edicion Especial Vol. 514,Tequila,65000.00,109
Tequila 1800 Edicion Especial Vol. 515,Tequila,90000.00,102
Aguardiente Llanero Edicion Especial Vol. 516,Aguardiente,135000.00,97
Ron Santa Fe Edicion Especial Vol. 517,Ron,195000.00,119
Tequila Patrón Edicion Especial Vol. 518,Tequila,85000.00,34
Aguardiente Antioqueño Edicion Especial Vol. 519,Aguardiente,125000.00,108
Vodka Absolut Edicion Especial Vol. 520,Vodka,65000.00,85
Chivas Regal Edicion Especial Vol. 521,Wisky,65000.00,7
Tequila Herradura Edicion Especial Vol. 522,Tequila,40000.00,12
Vodka Smirnoff Edicion Especial Vol. 523,Vodka,120000.00,148
Tequila Patrón Edicion Especial Vol. 524,Tequila,80000.00,143
Ginebra Bombay Edicion Especial Vol. 525,Ginebra,205000.00,21
Aguardiente Llanero Edicion Especial Vol. 526,Aguardiente,45000.00,105
Johnnie Walker Edicion Especial Vol. 527,Wisky,275000.00,68
Chivas Regal Edicion Especial Vol. 528,Wisky,295000.00,106
Vodka Grey Goose Edicion Especial Vol. 529,Vodka,220000.00,19
Vodka Grey Goose Edicion Especial Vol. 530,Vodka,285000.00,51
Tequila Don Julio Edicion Especial Vol. 531,Tequila,275000.00,10
Aguardiente Néctar Edicion Especial Vol. 532,Aguardiente,230000.00,57
Tequila Jose Cuervo Edicion Especial Vol. 533,Tequila,70000.00,25
Ron Santa Fe Edicion Especial Vol. 534,Ron,155000.00,120
Aguardiente Néctar Edicion Especial Vol. 535,Aguardiente,290000.00,90
Vodka Absolut Edicion Especial Vol. 536,Vodka,125000.00,117
Vodka Smirnoff Edicion Especial Vol. 537,Vodka,250000.00,95
Chivas Regal Edicion Especial Vol. 538,Wisky,245000.00,121
Tequila Don Julio Edicion Especial Vol. 539,Tequila,280000.00,37
Ginebra Beefeater Edicion Especial Vol. 540,Ginebra,45000.00,50
Old Parr Edicion Especial Vol. 541,Wisky,140000.00,94
Tequila Jose Cuervo Edicion Especial Vol. 542,Tequila,265000.00,12
Vodka Belvedere Edicion Especial Vol. 543,Vodka,185000.00,31
Ginebra Bombay Edicion Especial Vol. 544,Ginebra,285000.00,116
Ginebra Hendricks Edicion Especial Vol. 545,Ginebra,95000.00,113
Vodka Absolut Edicion Especial Vol. 546,Vodka,250000.00,24
Aguardiente Blanco del Valle Edicion Especial Vol. 547,Aguardiente,135000.00,134
Ron Viejo de Caldas Edicion Especial Vol. 548,Ron,150000.00,86
Vodka Belvedere Edicion Especial Vol. 549,Vodka,25000.00,110
Tequila Patrón Edicion Especial Vol. 550,Tequila,185000.00,88
Ron Havana Club Edicion Especial Vol. 551,Ron,70000.00,102
Chivas Regal Edicion Especial Vol. 552,Wisky,80000.00,61
Ginebra Tanqueray Edicion Especial Vol. 553,Ginebra,80000.00,75
Aguardiente Néctar Edicion Especial Vol. 554,Aguardiente,115000.00,74
Aguardiente Llanero Edicion Especial Vol. 555,Aguardiente,285000.00,84
Old Parr Edicion Especial Vol. 556,Wisky,65000.00,56
Ginebra Beefeater Edicion Especial Vol. 557,Ginebra,210000.00,133
Tequila Don Julio Edicion Especial Vol. 558,Tequila,270000.00,15
Ron Santa Fe Edicion Especial Vol. 559,Ron,140000.00,93
Ron Medellín Edicion Especial Vol. 560,Ron,185000.00,78
Aguardiente Antioqueño Edicion Especial Vol. 561,Aguardiente,105000.00,28
Vodka Absolut Edicion Especial Vol. 562,Vodka,175000.00,84
Ginebra Hendricks Edicion Especial Vol. 563,Ginebra,100000.00,89
Vodka Smirnoff Edicion Especial Vol. 564,Vodka,35000.00,32
Aguardiente Blanco del Valle Edicion Especial Vol. 565,Aguardiente,255000.00,29
Aguardiente Blanco del Valle Edicion Especial Vol. 566,Aguardiente,50000.00,83
Old Parr Edicion Especial Vol. 567,Wisky,290000.00,38
Aguardiente Néctar Edicion Especial Vol. 568,Aguardiente,270000.00,87
Aguardiente Llanero Edicion Especial Vol. 569,Aguardiente,150000.00,99
Tequila Don Julio Edicion Especial Vol. 570,Tequila,55000.00,130
Aguardiente Llanero Edicion Especial Vol. 571,Aguardiente,260000.00,11
Chivas Regal Edicion Especial Vol. 572,Wisky,130000.00,121
Vodka Belvedere Edicion Especial Vol. 573,Vodka,195000.00,28
Jack Daniels Edicion Especial Vol. 574,Wisky,185000.00,114
Jack Daniels Edicion Especial Vol. 575,Wisky,245000.00,115
Tequila Don Julio Edicion Especial Vol. 576,Tequila,155000.00,147
Aguardiente Néctar Edicion Especial Vol. 577,Aguardiente,220000.00,33
Buchanans Edicion Especial Vol. 578,Wisky,105000.00,33
Aguardiente Néctar Edicion Especial Vol. 579,Aguardiente,200000.00,86
Tequila Don Julio Edicion Especial Vol. 580,Tequila,165000.00,104
Tequila 1800 Edicion Especial Vol. 581,Tequila,180000.00,22
Ginebra Tanqueray Edicion Especial Vol. 582,Ginebra,55000.00,146
Vodka Smirnoff Edicion Especial Vol. 583,Vodka,90000.00,67
Ginebra Bombay Edicion Especial Vol. 584,Ginebra,175000.00,36
Vodka Absolut Edicion Especial Vol. 585,Vodka,290000.00,95
Old Parr Edicion Especial Vol. 586,Wisky,250000.00,98
Aguardiente Antioqueño Edicion Especial Vol. 587,Aguardiente,195000.00,72
Ginebra Hendricks Edicion Especial Vol. 588,Ginebra,170000.00,142
Vodka Absolut Edicion Especial Vol. 589,Vodka,165000.00,54
Tequila Herradura Edicion Especial Vol. 590,Tequila,145000.00,71
Vodka Smirnoff Edicion Especial Vol. 591,Vodka,250000.00,76
Ron Viejo de Caldas Edicion Especial Vol. 592,Ron,75000.00,116
Ron Havana Club Edicion Especial Vol. 593,Ron,130000.00,8
Old Parr Edicion Especial Vol. 594,Wisky,260000.00,98
Aguardiente Llanero Edicion Especial Vol. 595,Aguardiente,280000.00,26
Aguardiente Néctar Edicion Especial Vol. 596,Aguardiente,205000.00,132
Chivas Regal Edicion Especial Vol. 597,Wisky,270000.00,11
Jack Daniels Edicion Especial Vol. 598,Wisky,20000.00,13
Tequila 1800 Edicion Especial Vol. 599,Tequila,145000.00,7
Vodka Grey Goose Edicion Especial Vol. 600,Vodka,230000.00,134
Ron Santa Fe Edicion Especial Vol. 601,Ron,70000.00,42
Buchanans Edicion Especial Vol. 602,Wisky,285000.00,122
Tequila Don Julio Edicion Especial Vol. 603,Tequila,70000.00,146
Johnnie Walker Edicion Especial Vol. 604,Wisky,140000.00,61
Tequila Patrón Edicion Especial Vol. 605,Tequila,65000.00,36
Old Parr Edicion Especial Vol. 606,Wisky,285000.00,148
Johnnie Walker Edicion Especial Vol. 607,Wisky,120000.00,72
Tequila 1800 Edicion Especial Vol. 608,Tequila,120000.00,6
Aguardiente Néctar Edicion Especial Vol. 609,Aguardiente,295000.00,79
Chivas Regal Edicion Especial Vol. 610,Wisky,150000.00,65
Vodka Grey Goose Edicion Especial Vol. 611,Vodka,170000.00,137
Aguardiente Blanco del Valle Edicion Especial Vol. 612,Aguardiente,40000.00,57
Tequila Jose Cuervo Edicion Especial Vol. 613,Tequila,190000.00,94
Buchanans Edicion Especial Vol. 614,Wisky,205000.00,110
Vodka Belvedere Edicion Especial Vol. 615,Vodka,145000.00,84
Ginebra Tanqueray Edicion Especial Vol. 616,Ginebra,260000.00,35
Johnnie Walker Edicion Especial Vol. 617,Wisky,290000.00,138
Aguardiente Antioqueño Edicion Especial Vol. 618,Aguardiente,230000.00,48
Aguardiente Néctar Edicion Especial Vol. 619,Aguardiente,120000.00,124
Vodka Belvedere Edicion Especial Vol. 620,Vodka,165000.00,78
Buchanans Edicion Especial Vol. 621,Wisky,190000.00,126
Ginebra Bombay Edicion Especial Vol. 622,Ginebra,25000.00,76
Aguardiente Néctar Edicion Especial Vol. 623,Aguardiente,75000.00,70
Ron Santa Fe Edicion Especial Vol. 624,Ron,295000.00,78
Aguardiente Blanco del Valle Edicion Especial Vol. 625,Aguardiente,125000.00,44
Vodka Belvedere Edicion Especial Vol. 626,Vodka,125000.00,144
Jack Daniels Edicion Especial Vol. 627,Wisky,115000.00,12
Ginebra Bombay Edicion Especial Vol. 628,Ginebra,180000.00,98
Tequila Jose Cuervo Edicion Especial Vol. 629,Tequila,260000.00,13
Ron Havana Club Edicion Especial Vol. 630,Ron,265000.00,5
Old Parr Edicion Especial Vol. 631,Wisky,200000.00,134
Aguardiente Antioqueño Edicion Especial Vol. 632,Aguardiente,175000.00,63
Aguardiente Blanco del Valle Edicion Especial Vol. 633,Aguardiente,65000.00,104
Vodka Belvedere Edicion Especial Vol. 634,Vodka,205000.00,143
Ginebra Hendricks Edicion Especial Vol. 635,Ginebra,55000.00,89
Ron Havana Club Edicion Especial Vol. 636,Ron,290000.00,72
Ron Medellín Edicion Especial Vol. 637,Ron,105000.00,134
Tequila Jose Cuervo Edicion Especial Vol. 638,Tequila,190000.00,82
Ginebra Bombay Edicion Especial Vol. 639,Ginebra,215000.00,114
Aguardiente Llanero Edicion Especial Vol. 640,Aguardiente,185000.00,119
Tequila 1800 Edicion Especial Vol. 641,Tequila,295000.00,135
Vodka Absolut Edicion Especial Vol. 642,Vodka,20000.00,9
Buchanans Edicion Especial Vol. 643,Wisky,75000.00,98
Tequila Don Julio Edicion Especial Vol. 644,Tequila,270000.00,7
Chivas Regal Edicion Especial Vol. 645,Wisky,250000.00,56
Tequila Don Julio Edicion Especial Vol. 646,Tequila,165000.00,138
Aguardiente Néctar Edicion Especial Vol. 647,Aguardiente,25000.00,52
Chivas Regal Edicion Especial Vol. 648,Wisky,115000.00,143
Buchanans Edicion Especial Vol. 649,Wisky,80000.00,65
Jack Daniels Edicion Especial Vol. 650,Wisky,210000.00,88
Jack Daniels Edicion Especial Vol. 651,Wisky,175000.00,100
Ginebra Bombay Edicion Especial Vol. 652,Ginebra,55000.00,17
Vodka Belvedere Edicion Especial Vol. 653,Vodka,150000.00,81
Aguardiente Llanero Edicion Especial Vol. 654,Aguardiente,250000.00,59
Ron Zacapa Edicion Especial Vol. 655,Ron,85000.00,70
Aguardiente Néctar Edicion Especial Vol. 656,Aguardiente,280000.00,48
Aguardiente Llanero Edicion Especial Vol. 657,Aguardiente,250000.00,67
Ron Santa Fe Edicion Especial Vol. 658,Ron,290000.00,8
Ginebra Hendricks Edicion Especial Vol. 659,Ginebra,20000.00,144
Aguardiente Antioqueño Edicion Especial Vol. 660,Aguardiente,245000.00,76
Ron Santa Fe Edicion Especial Vol. 661,Ron,115000.00,24
Vodka Belvedere Edicion Especial Vol. 662,Vodka,145000.00,137
Aguardiente Néctar Edicion Especial Vol. 663,Aguardiente,170000.00,114
Ginebra Tanqueray Edicion Especial Vol. 664,Ginebra,260000.00,129
Ron Santa Fe Edicion Especial Vol. 665,Ron,155000.00,12
Ginebra Beefeater Edicion Especial Vol. 666,Ginebra,35000.00,61
Vodka Absolut Edicion Especial Vol. 667,Vodka,20000.00,69
Vodka Absolut Edicion Especial Vol. 668,Vodka,85000.00,149
Buchanans Edicion Especial Vol. 669,Wisky,135000.00,6
Ron Zacapa Edicion Especial Vol. 670,Ron,85000.00,57
Tequila Herradura Edicion Especial Vol. 671,Tequila,200000.00,97
Vodka Grey Goose Edicion Especial Vol. 672,Vodka,255000.00,134
Ginebra Tanqueray Edicion Especial Vol. 673,Ginebra,155000.00,109
Tequila Patrón Edicion Especial Vol. 674,Tequila,210000.00,54
Aguardiente Llanero Edicion Especial Vol. 675,Aguardiente,260000.00,85
Tequila Jose Cuervo Edicion Especial Vol. 676,Tequila,285000.00,5
Aguardiente Blanco del Valle Edicion Especial Vol. 677,Aguardiente,145000.00,90
Ginebra Hendricks Edicion Especial Vol. 678,Ginebra,235000.00,56
Ginebra Tanqueray Edicion Especial Vol. 679,Ginebra,250000.00,6
Ginebra Beefeater Edicion Especial Vol. 680,Ginebra,25000.00,116
Tequila Don Julio Edicion Especial Vol. 681,Tequila,105000.00,118
Vodka Belvedere Edicion Especial Vol. 682,Vodka,230000.00,67
Johnnie Walker Edicion Especial Vol. 683,Wisky,90000.00,103
Aguardiente Antioqueño Edicion Especial Vol. 684,Aguardiente,265000.00,27
Aguardiente Blanco del Valle Edicion Especial Vol. 685,Aguardiente,150000.00,124
Vodka Smirnoff Edicion Especial Vol. 686,Vodka,120000.00,42
Jack Daniels Edicion Especial Vol. 687,Wisky,65000.00,44
Tequila Patrón Edicion Especial Vol. 688,Tequila,115000.00,45
Ron Viejo de Caldas Edicion Especial Vol. 689,Ron,145000.00,50
Ginebra Hendricks Edicion Especial Vol. 690,Ginebra,220000.00,142
Tequila Jose Cuervo Edicion Especial Vol. 691,Tequila,140000.00,39
Vodka Absolut Edicion Especial Vol. 692,Vodka,285000.00,93
Ron Medellín Edicion Especial Vol. 693,Ron,180000.00,38
Jack Daniels Edicion Especial Vol. 694,Wisky,45000.00,130
Vodka Absolut Edicion Especial Vol. 695,Vodka,165000.00,30
Tequila 1800 Edicion Especial Vol. 696,Tequila,260000.00,120
Ron Zacapa Edicion Especial Vol. 697,Ron,230000.00,57
Ginebra Hendricks Edicion Especial Vol. 698,Ginebra,245000.00,38
Ron Medellín Edicion Especial Vol. 699,Ron,275000.00,18
Old Parr Edicion Especial Vol. 700,Wisky,275000.00,23
Old Parr Edicion Especial Vol. 701,Wisky,245000.00,49
Vodka Grey Goose Edicion Especial Vol. 702,Vodka,30000.00,62
Ginebra Beefeater Edicion Especial Vol. 703,Ginebra,65000.00,42
Aguardiente Llanero Edicion Especial Vol. 704,Aguardiente,140000.00,132
Vodka Smirnoff Edicion Especial Vol. 705,Vodka,295000.00,77
Jack Daniels Edicion Especial Vol. 706,Wisky,180000.00,28
Aguardiente Néctar Edicion Especial Vol. 707,Aguardiente,20000.00,120
Ginebra Hendricks Edicion Especial Vol. 708,Ginebra,285000.00,129
Tequila Patrón Edicion Especial Vol. 709,Tequila,60000.00,140
Ginebra Hendricks Edicion Especial Vol. 710,Ginebra,195000.00,16
Ron Havana Club Edicion Especial Vol. 711,Ron,70000.00,120
Ginebra Tanqueray Edicion Especial Vol. 712,Ginebra,65000.00,58
Ginebra Hendricks Edicion Especial Vol. 713,Ginebra,140000.00,121
Vodka Absolut Edicion Especial Vol. 714,Vodka,275000.00,12
Buchanans Edicion Especial Vol. 715,Wisky,175000.00,60
Tequila 1800 Edicion Especial Vol. 716,Tequila,290000.00,82
Ginebra Beefeater Edicion Especial Vol. 717,Ginebra,55000.00,53
Ginebra Tanqueray Edicion Especial Vol. 718,Ginebra,280000.00,25
Vodka Absolut Edicion Especial Vol. 719,Vodka,260000.00,101
Johnnie Walker Edicion Especial Vol. 720,Wisky,275000.00,63
Ron Viejo de Caldas Edicion Especial Vol. 721,Ron,65000.00,121
Tequila Jose Cuervo Edicion Especial Vol. 722,Tequila,20000.00,128
Tequila Don Julio Edicion Especial Vol. 723,Tequila,25000.00,133
Vodka Grey Goose Edicion Especial Vol. 724,Vodka,190000.00,59
Vodka Smirnoff Edicion Especial Vol. 725,Vodka,135000.00,134
Ron Viejo de Caldas Edicion Especial Vol. 726,Ron,270000.00,86
Aguardiente Llanero Edicion Especial Vol. 727,Aguardiente,175000.00,90
Aguardiente Llanero Edicion Especial Vol. 728,Aguardiente,20000.00,104
Ron Medellín Edicion Especial Vol. 729,Ron,295000.00,98
Vodka Absolut Edicion Especial Vol. 730,Vodka,95000.00,52
Vodka Belvedere Edicion Especial Vol. 731,Vodka,105000.00,9
Ron Zacapa Edicion Especial Vol. 732,Ron,195000.00,9
Ginebra Bombay Edicion Especial Vol. 733,Ginebra,270000.00,96
Ginebra Tanqueray Edicion Especial Vol. 734,Ginebra,265000.00,23
Vodka Absolut Edicion Especial Vol. 735,Vodka,50000.00,113
Ron Zacapa Edicion Especial Vol. 736,Ron,70000.00,130
Aguardiente Néctar Edicion Especial Vol. 737,Aguardiente,190000.00,136
Tequila Herradura Edicion Especial Vol. 738,Tequila,160000.00,92
Jack Daniels Edicion Especial Vol. 739,Wisky,210000.00,75
Aguardiente Néctar Edicion Especial Vol. 740,Aguardiente,195000.00,135
Ron Viejo de Caldas Edicion Especial Vol. 741,Ron,265000.00,38
Vodka Belvedere Edicion Especial Vol. 742,Vodka,55000.00,58
Tequila Jose Cuervo Edicion Especial Vol. 743,Tequila,195000.00,145
Aguardiente Antioqueño Edicion Especial Vol. 744,Aguardiente,130000.00,96
Tequila Patrón Edicion Especial Vol. 745,Tequila,280000.00,98
Ron Medellín Edicion Especial Vol. 746,Ron,80000.00,75
Ron Medellín Edicion Especial Vol. 747,Ron,125000.00,14
Tequila Herradura Edicion Especial Vol. 748,Tequila,150000.00,41
Ron Havana Club Edicion Especial Vol. 749,Ron,245000.00,63
Aguardiente Blanco del Valle Edicion Especial Vol. 750,Aguardiente,275000.00,144
Old Parr Edicion Especial Vol. 751,Wisky,270000.00,131
Aguardiente Llanero Edicion Especial Vol. 752,Aguardiente,235000.00,135
Tequila 1800 Edicion Especial Vol. 753,Tequila,270000.00,42
Tequila Herradura Edicion Especial Vol. 754,Tequila,75000.00,25
Vodka Smirnoff Edicion Especial Vol. 755,Vodka,270000.00,116
Vodka Grey Goose Edicion Especial Vol. 756,Vodka,190000.00,62
Vodka Smirnoff Edicion Especial Vol. 757,Vodka,250000.00,20
Johnnie Walker Edicion Especial Vol. 758,Wisky,285000.00,11
Aguardiente Blanco del Valle Edicion Especial Vol. 759,Aguardiente,195000.00,140
Tequila Don Julio Edicion Especial Vol. 760,Tequila,90000.00,80
Buchanans Edicion Especial Vol. 761,Wisky,265000.00,100
Old Parr Edicion Especial Vol. 762,Wisky,250000.00,22
Ron Viejo de Caldas Edicion Especial Vol. 763,Ron,180000.00,29
Chivas Regal Edicion Especial Vol. 764,Wisky,175000.00,119
Aguardiente Blanco del Valle Edicion Especial Vol. 765,Aguardiente,160000.00,101
Tequila Jose Cuervo Edicion Especial Vol. 766,Tequila,90000.00,68
Tequila Patrón Edicion Especial Vol. 767,Tequila,235000.00,46
Vodka Grey Goose Edicion Especial Vol. 768,Vodka,115000.00,75
Aguardiente Llanero Edicion Especial Vol. 769,Aguardiente,240000.00,74
Ron Viejo de Caldas Edicion Especial Vol. 770,Ron,65000.00,106
Ginebra Hendricks Edicion Especial Vol. 771,Ginebra,185000.00,87
Vodka Absolut Edicion Especial Vol. 772,Vodka,60000.00,24
Aguardiente Antioqueño Edicion Especial Vol. 773,Aguardiente,220000.00,86
Tequila Jose Cuervo Edicion Especial Vol. 774,Tequila,35000.00,8
Tequila 1800 Edicion Especial Vol. 775,Tequila,185000.00,16
Ginebra Bombay Edicion Especial Vol. 776,Ginebra,65000.00,84
Ron Medellín Edicion Especial Vol. 777,Ron,95000.00,65
Ron Havana Club Edicion Especial Vol. 778,Ron,130000.00,33
Ron Zacapa Edicion Especial Vol. 779,Ron,220000.00,83
Tequila 1800 Edicion Especial Vol. 780,Tequila,105000.00,9
Tequila Jose Cuervo Edicion Especial Vol. 781,Tequila,125000.00,51
Aguardiente Llanero Edicion Especial Vol. 782,Aguardiente,225000.00,9
Ginebra Tanqueray Edicion Especial Vol. 783,Ginebra,205000.00,24
Ron Viejo de Caldas Edicion Especial Vol. 784,Ron,130000.00,96
Aguardiente Néctar Edicion Especial Vol. 785,Aguardiente,135000.00,76
Vodka Smirnoff Edicion Especial Vol. 786,Vodka,120000.00,54
Aguardiente Antioqueño Edicion Especial Vol. 787,Aguardiente,45000.00,84
Old Parr Edicion Especial Vol. 788,Wisky,155000.00,10
Tequila Patrón Edicion Especial Vol. 789,Tequila,295000.00,64
Jack Daniels Edicion Especial Vol. 790,Wisky,210000.00,78
Ron Havana Club Edicion Especial Vol. 791,Ron,40000.00,38
Ginebra Hendricks Edicion Especial Vol. 792,Ginebra,100000.00,37
Ginebra Hendricks Edicion Especial Vol. 793,Ginebra,210000.00,140
Ron Viejo de Caldas Edicion Especial Vol. 794,Ron,105000.00,33
Ginebra Hendricks Edicion Especial Vol. 795,Ginebra,165000.00,101
Buchanans Edicion Especial Vol. 796,Wisky,265000.00,43
Aguardiente Néctar Edicion Especial Vol. 797,Aguardiente,65000.00,124
Ron Medellín Edicion Especial Vol. 798,Ron,40000.00,121
Tequila Patrón Edicion Especial Vol. 799,Tequila,95000.00,132
Vodka Absolut Edicion Especial Vol. 800,Vodka,270000.00,74
Vodka Absolut Edicion Especial Vol. 801,Vodka,205000.00,62
Buchanans Edicion Especial Vol. 802,Wisky,265000.00,124
Chivas Regal Edicion Especial Vol. 803,Wisky,95000.00,64
Aguardiente Blanco del Valle Edicion Especial Vol. 804,Aguardiente,125000.00,98
Tequila Don Julio Edicion Especial Vol. 805,Tequila,40000.00,29
Ginebra Beefeater Edicion Especial Vol. 806,Ginebra,160000.00,132
Vodka Grey Goose Edicion Especial Vol. 807,Vodka,290000.00,123
Buchanans Edicion Especial Vol. 808,Wisky,135000.00,10
Aguardiente Antioqueño Edicion Especial Vol. 809,Aguardiente,190000.00,43
Aguardiente Blanco del Valle Edicion Especial Vol. 810,Aguardiente,105000.00,117
Aguardiente Néctar Edicion Especial Vol. 811,Aguardiente,65000.00,69
Ginebra Bombay Edicion Especial Vol. 812,Ginebra,50000.00,102
Aguardiente Antioqueño Edicion Especial Vol. 813,Aguardiente,155000.00,57
Johnnie Walker Edicion Especial Vol. 814,Wisky,40000.00,20
Tequila Herradura Edicion Especial Vol. 815,Tequila,150000.00,15
Vodka Absolut Edicion Especial Vol. 816,Vodka,215000.00,62
Ginebra Tanqueray Edicion Especial Vol. 817,Ginebra,280000.00,85
Old Parr Edicion Especial Vol. 818,Wisky,45000.00,122
Aguardiente Antioqueño Edicion Especial Vol. 819,Aguardiente,260000.00,81
Aguardiente Llanero Edicion Especial Vol. 820,Aguardiente,260000.00,97
Tequila Jose Cuervo Edicion Especial Vol. 821,Tequila,140000.00,75
Ron Havana Club Edicion Especial Vol. 822,Ron,190000.00,65
Vodka Grey Goose Edicion Especial Vol. 823,Vodka,250000.00,60
Tequila Jose Cuervo Edicion Especial Vol. 824,Tequila,200000.00,94
Johnnie Walker Edicion Especial Vol. 825,Wisky,75000.00,17
Ron Viejo de Caldas Edicion Especial Vol. 826,Ron,170000.00,116
Ginebra Bombay Edicion Especial Vol. 827,Ginebra,95000.00,76
Aguardiente Blanco del Valle Edicion Especial Vol. 828,Aguardiente,265000.00,118
Tequila Herradura Edicion Especial Vol. 829,Tequila,260000.00,21
Vodka Grey Goose Edicion Especial Vol. 830,Vodka,145000.00,36
Jack Daniels Edicion Especial Vol. 831,Wisky,130000.00,117
Vodka Belvedere Edicion Especial Vol. 832,Vodka,155000.00,121
Vodka Absolut Edicion Especial Vol. 833,Vodka,75000.00,38
Ginebra Beefeater Edicion Especial Vol. 834,Ginebra,150000.00,116
Ginebra Tanqueray Edicion Especial Vol. 835,Ginebra,275000.00,8
Ron Zacapa Edicion Especial Vol. 836,Ron,210000.00,37
Vodka Smirnoff Edicion Especial Vol. 837,Vodka,260000.00,14
Ron Santa Fe Edicion Especial Vol. 838,Ron,20000.00,76
Aguardiente Blanco del Valle Edicion Especial Vol. 839,Aguardiente,85000.00,107
Buchanans Edicion Especial Vol. 840,Wisky,160000.00,136
Ginebra Bombay Edicion Especial Vol. 841,Ginebra,145000.00,35
Vodka Belvedere Edicion Especial Vol. 842,Vodka,275000.00,109
Tequila Herradura Edicion Especial Vol. 843,Tequila,45000.00,138
Chivas Regal Edicion Especial Vol. 844,Wisky,160000.00,111
Chivas Regal Edicion Especial Vol. 845,Wisky,145000.00,115
Vodka Belvedere Edicion Especial Vol. 846,Vodka,290000.00,109
Ginebra Tanqueray Edicion Especial Vol. 847,Ginebra,95000.00,119
Chivas Regal Edicion Especial Vol. 848,Wisky,235000.00,22
Ginebra Tanqueray Edicion Especial Vol. 849,Ginebra,160000.00,103
Johnnie Walker Edicion Especial Vol. 850,Wisky,225000.00,7
Jack Daniels Edicion Especial Vol. 851,Wisky,160000.00,112
Ron Zacapa Edicion Especial Vol. 852,Ron,100000.00,79
Ron Zacapa Edicion Especial Vol. 853,Ron,95000.00,132
Tequila Jose Cuervo Edicion Especial Vol. 854,Tequila,20000.00,6
Ginebra Tanqueray Edicion Especial Vol. 855,Ginebra,235000.00,5
Aguardiente Llanero Edicion Especial Vol. 856,Aguardiente,120000.00,46
Vodka Belvedere Edicion Especial Vol. 857,Vodka,50000.00,106
Vodka Belvedere Edicion Especial Vol. 858,Vodka,200000.00,40
Ron Santa Fe Edicion Especial Vol. 859,Ron,60000.00,38
Vodka Belvedere Edicion Especial Vol. 860,Vodka,75000.00,126
Ron Zacapa Edicion Especial Vol. 861,Ron,165000.00,106
Tequila Herradura Edicion Especial Vol. 862,Tequila,125000.00,42
Aguardiente Néctar Edicion Especial Vol. 863,Aguardiente,255000.00,37
Tequila Herradura Edicion Especial Vol. 864,Tequila,190000.00,6
Tequila Herradura Edicion Especial Vol. 865,Tequila,90000.00,35
Buchanans Edicion Especial Vol. 866,Wisky,95000.00,97
Ginebra Tanqueray Edicion Especial Vol. 867,Ginebra,280000.00,35
Aguardiente Blanco del Valle Edicion Especial Vol. 868,Aguardiente,265000.00,78
Ginebra Bombay Edicion Especial Vol. 869,Ginebra,135000.00,148
Ginebra Beefeater Edicion Especial Vol. 870,Ginebra,160000.00,128
Old Parr Edicion Especial Vol. 871,Wisky,95000.00,104
Ginebra Hendricks Edicion Especial Vol. 872,Ginebra,290000.00,28
Buchanans Edicion Especial Vol. 873,Wisky,200000.00,94
Aguardiente Néctar Edicion Especial Vol. 874,Aguardiente,185000.00,51
Tequila Jose Cuervo Edicion Especial Vol. 875,Tequila,45000.00,33
Aguardiente Néctar Edicion Especial Vol. 876,Aguardiente,135000.00,35
Tequila Jose Cuervo Edicion Especial Vol. 877,Tequila,50000.00,147
Tequila Herradura Edicion Especial Vol. 878,Tequila,130000.00,30
Ginebra Hendricks Edicion Especial Vol. 879,Ginebra,235000.00,103
Johnnie Walker Edicion Especial Vol. 880,Wisky,185000.00,127
Ginebra Bombay Edicion Especial Vol. 881,Ginebra,175000.00,134
Ginebra Tanqueray Edicion Especial Vol. 882,Ginebra,185000.00,92
Ron Viejo de Caldas Edicion Especial Vol. 883,Ron,125000.00,60
Vodka Grey Goose Edicion Especial Vol. 884,Vodka,275000.00,98
Ginebra Tanqueray Edicion Especial Vol. 885,Ginebra,45000.00,83
Jack Daniels Edicion Especial Vol. 886,Wisky,295000.00,55
Ginebra Hendricks Edicion Especial Vol. 887,Ginebra,290000.00,110
Old Parr Edicion Especial Vol. 888,Wisky,280000.00,8
Tequila Herradura Edicion Especial Vol. 889,Tequila,215000.00,16
Vodka Belvedere Edicion Especial Vol. 890,Vodka,255000.00,72
Ginebra Tanqueray Edicion Especial Vol. 891,Ginebra,45000.00,148
Tequila Jose Cuervo Edicion Especial Vol. 892,Tequila,145000.00,32
Tequila 1800 Edicion Especial Vol. 893,Tequila,45000.00,34
Vodka Smirnoff Edicion Especial Vol. 894,Vodka,285000.00,74
Old Parr Edicion Especial Vol. 895,Wisky,280000.00,61
Aguardiente Blanco del Valle Edicion Especial Vol. 896,Aguardiente,75000.00,42
Ron Havana Club Edicion Especial Vol. 897,Ron,170000.00,108
Ron Medellín Edicion Especial Vol. 898,Ron,160000.00,5
Vodka Absolut Edicion Especial Vol. 899,Vodka,120000.00,19
Chivas Regal Edicion Especial Vol. 900,Wisky,80000.00,39
Aguardiente Néctar Edicion Especial Vol. 901,Aguardiente,190000.00,135
Aguardiente Blanco del Valle Edicion Especial Vol. 902,Aguardiente,140000.00,149
Aguardiente Antioqueño Edicion Especial Vol. 903,Aguardiente,175000.00,46
Ginebra Beefeater Edicion Especial Vol. 904,Ginebra,235000.00,82
Ginebra Tanqueray Edicion Especial Vol. 905,Ginebra,270000.00,21
Aguardiente Néctar Edicion Especial Vol. 906,Aguardiente,215000.00,30
Tequila 1800 Edicion Especial Vol. 907,Tequila,160000.00,56
Tequila 1800 Edicion Especial Vol. 908,Tequila,185000.00,124
Ginebra Tanqueray Edicion Especial Vol. 909,Ginebra,210000.00,142
Aguardiente Néctar Edicion Especial Vol. 910,Aguardiente,60000.00,52
Aguardiente Antioqueño Edicion Especial Vol. 911,Aguardiente,160000.00,80
Tequila Patrón Edicion Especial Vol. 912,Tequila,145000.00,37
Tequila Don Julio Edicion Especial Vol. 913,Tequila,235000.00,9
Ginebra Beefeater Edicion Especial Vol. 914,Ginebra,75000.00,134
Ron Santa Fe Edicion Especial Vol. 915,Ron,255000.00,19
Tequila Herradura Edicion Especial Vol. 916,Tequila,225000.00,65
Ron Zacapa Edicion Especial Vol. 917,Ron,180000.00,34
Vodka Smirnoff Edicion Especial Vol. 918,Vodka,275000.00,46
Tequila 1800 Edicion Especial Vol. 919,Tequila,95000.00,108
Vodka Smirnoff Edicion Especial Vol. 920,Vodka,60000.00,39
Vodka Grey Goose Edicion Especial Vol. 921,Vodka,110000.00,47
Ron Santa Fe Edicion Especial Vol. 922,Ron,265000.00,146
Ginebra Beefeater Edicion Especial Vol. 923,Ginebra,170000.00,102
Vodka Belvedere Edicion Especial Vol. 924,Vodka,265000.00,6
Vodka Absolut Edicion Especial Vol. 925,Vodka,285000.00,8
Aguardiente Llanero Edicion Especial Vol. 926,Aguardiente,145000.00,16
Vodka Belvedere Edicion Especial Vol. 927,Vodka,245000.00,131
Aguardiente Antioqueño Edicion Especial Vol. 928,Aguardiente,285000.00,94
Ron Medellín Edicion Especial Vol. 929,Ron,115000.00,65
Ron Viejo de Caldas Edicion Especial Vol. 930,Ron,205000.00,107
Vodka Grey Goose Edicion Especial Vol. 931,Vodka,155000.00,5
Aguardiente Llanero Edicion Especial Vol. 932,Aguardiente,105000.00,125
Ginebra Tanqueray Edicion Especial Vol. 933,Ginebra,280000.00,13
Tequila Herradura Edicion Especial Vol. 934,Tequila,225000.00,17
Ginebra Hendricks Edicion Especial Vol. 935,Ginebra,255000.00,63
Ron Medellín Edicion Especial Vol. 936,Ron,240000.00,15
Aguardiente Néctar Edicion Especial Vol. 937,Aguardiente,135000.00,58
Old Parr Edicion Especial Vol. 938,Wisky,110000.00,50
Vodka Smirnoff Edicion Especial Vol. 939,Vodka,30000.00,41
Aguardiente Néctar Edicion Especial Vol. 940,Aguardiente,80000.00,125
Ron Havana Club Edicion Especial Vol. 941,Ron,110000.00,104
Aguardiente Antioqueño Edicion Especial Vol. 942,Aguardiente,180000.00,23
Old Parr Edicion Especial Vol. 943,Wisky,220000.00,82
Old Parr Edicion Especial Vol. 944,Wisky,135000.00,82
Johnnie Walker Edicion Especial Vol. 945,Wisky,145000.00,28
Vodka Belvedere Edicion Especial Vol. 946,Vodka,100000.00,39
Aguardiente Antioqueño Edicion Especial Vol. 947,Aguardiente,205000.00,114
Old Parr Edicion Especial Vol. 948,Wisky,135000.00,88
Old Parr Edicion Especial Vol. 949,Wisky,235000.00,63
Tequila Patrón Edicion Especial Vol. 950,Tequila,70000.00,100
Ron Santa Fe Edicion Especial Vol. 951,Ron,240000.00,54
Vodka Belvedere Edicion Especial Vol. 952,Vodka,165000.00,76
Aguardiente Llanero Edicion Especial Vol. 953,Aguardiente,235000.00,107
Aguardiente Blanco del Valle Edicion Especial Vol. 954,Aguardiente,100000.00,138
Aguardiente Blanco del Valle Edicion Especial Vol. 955,Aguardiente,80000.00,96
Ron Zacapa Edicion Especial Vol. 956,Ron,65000.00,34
Buchanans Edicion Especial Vol. 957,Wisky,205000.00,69
Tequila Don Julio Edicion Especial Vol. 958,Tequila,115000.00,149
Ginebra Hendricks Edicion Especial Vol. 959,Ginebra,260000.00,129
Aguardiente Llanero Edicion Especial Vol. 960,Aguardiente,150000.00,90
Aguardiente Blanco del Valle Edicion Especial Vol. 961,Aguardiente,185000.00,145
Chivas Regal Edicion Especial Vol. 962,Wisky,280000.00,80
Ron Medellín Edicion Especial Vol. 963,Ron,275000.00,66
Ginebra Hendricks Edicion Especial Vol. 964,Ginebra,165000.00,135
Aguardiente Llanero Edicion Especial Vol. 965,Aguardiente,35000.00,112
Jack Daniels Edicion Especial Vol. 966,Wisky,80000.00,60
Chivas Regal Edicion Especial Vol. 967,Wisky,205000.00,92
Ginebra Bombay Edicion Especial Vol. 968,Ginebra,190000.00,113
Aguardiente Llanero Edicion Especial Vol. 969,Aguardiente,130000.00,57
Tequila Jose Cuervo Edicion Especial Vol. 970,Tequila,165000.00,67
Aguardiente Néctar Edicion Especial Vol. 971,Aguardiente,200000.00,16
Vodka Grey Goose Edicion Especial Vol. 972,Vodka,155000.00,136
Ginebra Hendricks Edicion Especial Vol. 973,Ginebra,115000.00,89
Vodka Grey Goose Edicion Especial Vol. 974,Vodka,230000.00,93
Ginebra Beefeater Edicion Especial Vol. 975,Ginebra,285000.00,138
Ron Santa Fe Edicion Especial Vol. 976,Ron,105000.00,64
Vodka Smirnoff Edicion Especial Vol. 977,Vodka,110000.00,87
Tequila 1800 Edicion Especial Vol. 978,Tequila,215000.00,36
Aguardiente Néctar Edicion Especial Vol. 979,Aguardiente,290000.00,54
Ron Zacapa Edicion Especial Vol. 980,Ron,260000.00,136
Tequila Don Julio Edicion Especial Vol. 981,Tequila,260000.00,139
Tequila Herradura Edicion Especial Vol. 982,Tequila,180000.00,61
Ron Havana Club Edicion Especial Vol. 983,Ron,110000.00,36
Ron Santa Fe Edicion Especial Vol. 984,Ron,20000.00,18
Tequila Don Julio Edicion Especial Vol. 985,Tequila,135000.00,32
Buchanans Edicion Especial Vol. 986,Wisky,120000.00,86
Tequila Patrón Edicion Especial Vol. 987,Tequila,280000.00,114
Ginebra Tanqueray Edicion Especial Vol. 988,Ginebra,285000.00,102
Buchanans Edicion Especial Vol. 989,Wisky,275000.00,59
Tequila Don Julio Edicion Especial Vol. 990,Tequila,125000.00,120
Ginebra Hendricks Edicion Especial Vol. 991,Ginebra,170000.00,122
Tequila Don Julio Edicion Especial Vol. 992,Tequila,185000.00,31
Ron Zacapa Edicion Especial Vol. 993,Ron,35000.00,95
Buchanans Edicion Especial Vol. 994,Wisky,285000.00,91
Old Parr Edicion Especial Vol. 995,Wisky,170000.00,10
Aguardiente Blanco del Valle Edicion Especial Vol. 996,Aguardiente,30000.00,28
Jack Daniels Edicion Especial Vol. 997,Wisky,165000.00,70
Ron Viejo de Caldas Edicion Especial Vol. 998,Ron,135000.00,30
Chivas Regal Edicion Especial Vol. 999,Wisky,95000.00,134
Vodka Absolut Edicion Especial Vol. 1000,Vodka,60000.00,96
